Datetime,Water Level (m)
2025-06-08 06:00:00,0.7686051
2025-06-08 07:00:00,0.9241364
2025-06-08 08:00:00,0.9967498
2025-06-08 09:00:00,0.88405716
2025-06-08 10:00:00,0.6684518
2025-06-08 11:00:00,0.43793035
2025-06-08 12:00:00,0.2377545
2025-06-08 13:00:00,0.060286354
2025-06-08 14:00:00,-0.0923803
2025-06-08 15:00:00,-0.14354998
2025-06-08 16:00:00,0.08693795
2025-06-08 17:00:00,0.30793163
2025-06-08 18:00:00,0.5874327
2025-06-08 19:00:00,0.8043741
2025-06-08 20:00:00,0.80576724
2025-06-08 21:00:00,0.7105982
2025-06-08 22:00:00,0.52868026
2025-06-08 23:00:00,0.3127202
2025-06-09 00:00:00,0.1231634
2025-06-09 01:00:00,-0.043194484
2025-06-09 02:00:00,-0.17753084
2025-06-09 03:00:00,-0.16146782
2025-06-09 04:00:00,0.13328274
2025-06-09 05:00:00,0.40909487
2025-06-09 06:00:00,0.78237
2025-06-09 07:00:00,1.0938998
2025-06-09 08:00:00,1.2275406
2025-06-09 09:00:00,1.2117759
2025-06-09 10:00:00,1.0042474
2025-06-09 11:00:00,0.7390136
2025-06-09 12:00:00,0.5029762
2025-06-09 13:00:00,0.30629557
2025-06-09 14:00:00,0.12379128
2025-06-09 15:00:00,-0.026100649
2025-06-09 16:00:00,-0.015159799
2025-06-09 17:00:00,0.25921622
2025-06-09 18:00:00,0.50565815
2025-06-09 19:00:00,0.7949094
2025-06-09 20:00:00,0.9189362
2025-06-09 21:00:00,0.85028446
2025-06-09 22:00:00,0.70521104
2025-06-09 23:00:00,0.5129863
2025-06-10 00:00:00,0.30694652
2025-06-10 01:00:00,0.1233633
2025-06-10 02:00:00,-0.038387995
2025-06-10 03:00:00,-0.15526527
2025-06-10 04:00:00,-0.0037237313
2025-06-10 05:00:00,0.29048216
2025-06-10 06:00:00,0.6359951
2025-06-10 07:00:00,1.0647206
2025-06-10 08:00:00,1.3163134
2025-06-10 09:00:00,1.4184742
2025-06-10 10:00:00,1.2947251
2025-06-10 11:00:00,1.0274209
2025-06-10 12:00:00,0.74056643
2025-06-10 13:00:00,0.51907724
2025-06-10 14:00:00,0.31809866
2025-06-10 15:00:00,0.13383996
2025-06-10 16:00:00,0.008841274
2025-06-10 17:00:00,0.1374623
2025-06-10 18:00:00,0.3952329
2025-06-10 19:00:00,0.6705403
2025-06-10 20:00:00,0.9306187
2025-06-10 21:00:00,0.9518144
2025-06-10 22:00:00,0.84156793
2025-06-10 23:00:00,0.67634016
2025-06-11 00:00:00,0.4740887
2025-06-11 01:00:00,0.27430928
2025-06-11 02:00:00,0.0919053
2025-06-11 03:00:00,-0.058711864
2025-06-11 04:00:00,-0.14008507
2025-06-11 05:00:00,0.15278853
2025-06-11 06:00:00,0.4558061
2025-06-11 07:00:00,0.8572152
2025-06-11 08:00:00,1.2601489
2025-06-11 09:00:00,1.4298956
2025-06-11 10:00:00,1.4249706
2025-06-11 11:00:00,1.2167615
2025-06-11 12:00:00,0.9291333
2025-06-11 13:00:00,0.67294383
2025-06-11 14:00:00,0.467464
2025-06-11 15:00:00,0.26473013
2025-06-11 16:00:00,0.09614675
2025-06-11 17:00:00,0.014858652
2025-06-11 18:00:00,0.26788628
2025-06-11 19:00:00,0.54069716
2025-06-11 20:00:00,0.85558385
2025-06-11 21:00:00,1.0511216
2025-06-11 22:00:00,0.99924177
2025-06-11 23:00:00,0.8570967
2025-06-12 00:00:00,0.6726363
2025-06-12 01:00:00,0.45902258
2025-06-12 02:00:00,0.2633317
2025-06-12 03:00:00,0.08912564
2025-06-12 04:00:00,-0.045586593
2025-06-12 05:00:00,0.02963244
2025-06-12 06:00:00,0.37953323
2025-06-12 07:00:00,0.73626345
2025-06-12 08:00:00,1.1991482
2025-06-12 09:00:00,1.5172021
2025-06-12 10:00:00,1.6321434
2025-06-12 11:00:00,1.526362
2025-06-12 12:00:00,1.2404854
2025-06-12 13:00:00,0.93217146
2025-06-12 14:00:00,0.698459
2025-06-12 15:00:00,0.49195197
2025-06-12 16:00:00,0.28652886
2025-06-12 17:00:00,0.13534738
2025-06-12 18:00:00,0.1492621
2025-06-12 19:00:00,0.44888246
2025-06-12 20:00:00,0.73241687
2025-06-12 21:00:00,1.0337789
2025-06-12 22:00:00,1.124075
2025-06-12 23:00:00,1.0179665
2025-06-13 00:00:00,0.8488041
2025-06-13 01:00:00,0.64564615
2025-06-13 02:00:00,0.43724263
2025-06-13 03:00:00,0.24683703
2025-06-13 04:00:00,0.08466478
2025-06-13 05:00:00,-0.008654373
2025-06-13 06:00:00,0.26122358
2025-06-13 07:00:00,0.57443786
2025-06-13 08:00:00,0.99438184
2025-06-13 09:00:00,1.4381776
2025-06-13 10:00:00,1.6446043
2025-06-13 11:00:00,1.6589276
2025-06-13 12:00:00,1.4395314
2025-06-13 13:00:00,1.125818
2025-06-13 14:00:00,0.8509529
2025-06-13 15:00:00,0.6357285
2025-06-13 16:00:00,0.42144057
2025-06-13 17:00:00,0.23498923
2025-06-13 18:00:00,0.0972716
2025-06-13 19:00:00,0.21918507
2025-06-13 20:00:00,0.5232233
2025-06-13 21:00:00,0.84123784
2025-06-13 22:00:00,1.1045595
2025-06-13 23:00:00,1.1068398
2025-06-14 00:00:00,0.9593314
2025-06-14 01:00:00,0.77511126
2025-06-14 02:00:00,0.5672023
2025-06-14 03:00:00,0.36635023
2025-06-14 04:00:00,0.18400307
2025-06-14 05:00:00,0.028545998
2025-06-14 06:00:00,-0.00011457735
